{
    "minerl_configuration": {
        "seed": 4231,
        "environment_name": "MineRLNavigateDenseProgSynth-v0"
    },
    "experiment_configuration": {
        "directory_path": "src/minecraft/experiments/probe/experiment_alternating_random_new_0.3",
        "experiment_description": "Experiment with different cycle lengths",
        "number_of_runs": 3,
        "max_run_time": 300,
        "render_moves": true
    },
    "data": [
        {
            "solved": false,
            "best_program": [
                [
                    75,
                    {
                        "sprint": 1,
                        "jump": 1,
                        "move": 1
                    }
                ],
                [
                    50,
                    {
                        "sprint": 1,
                        "jump": 1,
                        "move": 9
                    }
                ],
                [
                    5,
                    {
                        "sprint": 1,
                        "jump": 1,
                        "move": 6
                    }
                ],
                [
                    5,
                    {
                        "sprint": 1,
                        "jump": 1,
                        "move": 5
                    }
                ],
                [
                    50,
                    {
                        "sprint": 1,
                        "jump": 1,
                        "move": 1
                    }
                ],
                [
                    5,
                    {
                        "sprint": 1,
                        "jump": 1,
                        "move": 8
                    }
                ]
            ],
            "cycle_length": 5,
            "best_reward_over_time": [
                [
                    1.0441498756408691,
                    0.43596649169921875
                ],
                [
                    1.9642598628997803,
                    4.467063903808594
                ],
                [
                    3.779634952545166,
                    5.896293640136719
                ],
                [
                    5.949141025543213,
                    11.688911437988281
                ],
                [
                    9.042801856994629,
                    12.411773681640625
                ],
                [
                    33.7330379486084,
                    13.052803039550781
                ],
                [
                    73.71009087562561,
                    14.332653045654297
                ],
                [
                    77.17833399772644,
                    16.251632690429688
                ],
                [
                    102.56358194351196,
                    16.28207015991211
                ]
            ],
            "number_of_restarts": 5,
            "total_time": 360.75776290893555,
            "best_reward": 16.28207015991211,
            "try_index": 1,
            "random_probability": 0.3
        },
        {
            "solved": false,
            "best_program": [
                [
                    25,
                    {
                        "sprint": 1,
                        "jump": 1,
                        "move": 1
                    }
                ],
                [
                    75,
                    {
                        "sprint": 1,
                        "jump": 1,
                        "move": 4
                    }
                ],
                [
                    75,
                    {
                        "sprint": 1,
                        "jump": 1,
                        "move": 1
                    }
                ],
                [
                    5,
                    {
                        "sprint": 1,
                        "jump": 1,
                        "move": 4
                    }
                ],
                [
                    50,
                    {
                        "sprint": 1,
                        "jump": 1,
                        "move": 8
                    }
                ],
                [
                    5,
                    {
                        "sprint": 1,
                        "jump": 1,
                        "move": 4
                    }
                ],
                [
                    75,
                    {
                        "sprint": 1,
                        "jump": 1,
                        "move": 5
                    }
                ],
                [
                    50,
                    {
                        "sprint": 1,
                        "jump": 1,
                        "move": 1
                    }
                ]
            ],
            "cycle_length": 5,
            "best_reward_over_time": [
                [
                    1.3228061199188232,
                    3.2491455078125
                ],
                [
                    3.0096471309661865,
                    4.467063903808594
                ],
                [
                    11.763386011123657,
                    8.944236755371094
                ],
                [
                    55.18640995025635,
                    9.062667846679688
                ],
                [
                    82.38708996772766,
                    9.26177978515625
                ],
                [
                    239.90831899642944,
                    9.73663330078125
                ],
                [
                    283.9253001213074,
                    9.919448852539062
                ],
                [
                    291.25417304039,
                    12.022396087646484
                ]
            ],
            "number_of_restarts": 6,
            "total_time": 320.7510859966278,
            "best_reward": 12.022396087646484,
            "try_index": 2,
            "random_probability": 0.3
        },
        {
            "solved": false,
            "best_program": [
                [
                    25,
                    {
                        "sprint": 1,
                        "jump": 1,
                        "move": 5
                    }
                ],
                [
                    100,
                    {
                        "sprint": 1,
                        "jump": 1,
                        "move": 1
                    }
                ],
                [
                    50,
                    {
                        "sprint": 1,
                        "jump": 1,
                        "move": 1
                    }
                ],
                [
                    100,
                    {
                        "sprint": 1,
                        "jump": 1,
                        "move": 1
                    }
                ],
                [
                    100,
                    {
                        "sprint": 1,
                        "jump": 1,
                        "move": 1
                    }
                ],
                [
                    75,
                    {
                        "sprint": 1,
                        "jump": 1,
                        "move": 9
                    }
                ]
            ],
            "cycle_length": 5,