{
    "standard_deviation": 18.15803240387257,
    "avg_time": 575.4958759943644,
    "experiment": {
        "number": 1,
        "description": "Partial solution: reward > best_reward.\nCycle length 6.\nSelect 5 programs with highest reward.\nUpdate based on last action; fit = min(best_reward / 100, 1); replace start symbol with [best_program; ACT].",
        "grammar": [
            "SEQ => [ACT]",
            "ACT => (TIMES, Dict(\"move\" => DIR, \"sprint\" => 1, \"jump\" => 1))",
            "DIR => 1",
            "DIR => 2",
            "DIR => 4",
            "DIR => 8",
            "DIR => 5",
            "DIR => 9",
            "DIR => 6",
            "DIR => 10",
            "TIMES => 5",
            "TIMES => 10",
            "TIMES => 25",
            "TIMES => 50",
            "TIMES => 75",
            "TIMES => 100"
        ]
    },
    "tries": [
        {
            "number": 1,
            "program": "Tuple{Int64, Dict{String, Integer}}[(100, Dict(\"sprint\" => 1, \"jump\" => 1, \"move\" => 0x01)), (100, Dict(\"sprint\" => 1, \"jump\" => 1, \"move\" => 0x09)), (100, Dict(\"sprint\" => 1, \"jump\" => 1, \"move\" => 0x08)), (50, Dict(\"sprint\" => 1, \"jump\" => 1, \"move\" => 0x02)), (5, Dict(\"sprint\" => 1, \"jump\" => 1, \"move\" => 0x02)), (25, Dict(\"sprint\" => 1, \"jump\" => 1, \"move\" => 0x04)), (10, Dict(\"sprint\" => 1, \"jump\" => 1, \"move\" => 0x09)), (10, Dict(\"sprint\" => 1, \"jump\" => 1, \"move\" => 0x08)), (5, Dict(\"sprint\" => 1, \"jump\" => 1, \"move\" => 0x01)), (5, Dict(\"sprint\" => 1, \"jump\" => 1, \"move\" => 0x04))]",
            "time": 555.371973991394,
            "best_reward_over_time": "(0.8695888519287109, 0.72052001953125)(1.2068169116973877, 1.7621688842773438)(1.7269210815429688, 5.826240539550781)(2.4222209453582764, 12.413169860839844)(3.3388450145721436, 18.50699234008789)(4.403090953826904, 23.59320831298828)(6.408983945846558, 27.472999572753906)(12.068079948425293, 39.209415435791016)(15.738029956817627, 45.76560592651367)(21.178586959838867, 56.153629302978516)(99.43071293830872, 61.39561128616333)(161.06296491622925, 61.81014275550842)(293.02555108070374, 62.09267497062683)(432.2404320240021, 62.138044357299805)(438.06350803375244, 62.191935777664185)(444.01457595825195, 62.602267265319824)(456.9913640022278, 62.90241575241089)(505.9061179161072, 63.03126502037048)(550.8105840682983, 63.12965941429138)(553.876846075058, 163.79789459705353)",
            "programs_evaluated": 184
        },
        {
            "number": 2,
            "program": "Tuple{Int64, Dict{String, Integer}}[(100, Dict(\"sprint\" => 1, \"jump\" => 1, \"move\" => 0x01)), (100, Dict(\"sprint\" => 1, \"jump\" => 1, \"move\" => 0x09)), (100, Dict(\"sprint\" => 1, \"jump\" => 1, \"move\" => 0x08)), (50, Dict(\"sprint\" => 1, \"jump\" => 1, \"move\" => 0x02)), (5, Dict(\"sprint\" => 1, \"jump\" => 1, \"move\" => 0x02)), (25, Dict(\"sprint\" => 1, \"jump\" => 1, \"move\" => 0x04)), (10, Dict(\"sprint\" => 1, \"jump\" => 1, \"move\" => 0x09)), (10, Dict(\"sprint\" => 1, \"jump\" => 1, \"move\" => 0x08)), (5, Dict(\"sprint\" => 1, \"jump\" => 1, \"move\" => 0x01)), (5, Dict(\"sprint\" => 1, \"jump\" => 1, \"move\" => 0x04))]",
            "time": 580.4602229595184,
            "best_reward_over_time": "(0.2679891586303711, 0.72052001953125)(0.484464168548584, 1.7621688842773438)(0.8612060546875, 5.826240539550781)(1.420492172241211, 12.413169860839844)(2.1416001319885254, 18.50699234008789)(3.061537027359009, 23.59320831298828)(4.8441691398620605, 27.472999572753906)(9.978384017944336, 39.209415435791016)(13.700534105300903, 45.76560592651367)(19.157613039016724, 56.153629302978516)(100.49416494369507, 61.39561128616333)(165.0439260005951, 61.81014275550842)(301.4867241382599, 62.09267497062683)(445.41246509552, 62.138044357299805)(452.5087740421295, 62.191935777664185)(459.52961707115173, 62.602267265319824)(473.2880051136017, 62.90241575241089)(528.333948135376, 63.03126502037048)(577.2357771396637, 63.12965941429138)(580.4601330757141, 163.79789459705353)",
            "programs_evaluated": 184
        },
        {
            "number": 3,
            "program": "Tuple{Int64, Dict{String, Integer}}[(100, Dict(\"sprint\" => 1, \"jump\" => 1, \"move\" => 0x01)), (100, Dict(\"sprint\" => 1, \"jump\" => 1, \"move\" => 0x09)), (100, Dict(\"sprint\" => 1, \"jump\" => 1, \"move\" => 0x08)), (50, Dict(\"sprint\" => 1, \"jump\" => 1, \"move\" => 0x02)), (5, Dict(\"sprint\" => 1, \"jump\" => 1, \"move\" => 0x02)), (25, Dict(\"sprint\" => 1, \"jump\" => 1, \"move\" => 0x04)), (10, Dict(\"sprint\" => 1, \"jump\" => 1, \"move\" => 0x09)), (10, Dict(\"sprint\" => 1, \"jump\" => 1, \"move\" => 0x08)), (5, Dict(\"sprint\" => 1, \"jump\" => 1, \"move\" => 0x01)), (5, Dict(\"sprint\" => 1, \"jump\" => 1, \"move\" => 0x04))]",
            "time": 590.6554310321808,
            "best_reward_over_time": "(0.22387099266052246, 0.72052001953125)(0.41693806648254395, 1.7621688842773438)(0.7863891124725342, 5.826240539550781)(1.3710570335388184, 12.413169860839844)(2.190062999725342, 18.50699234008789)(3.160861015319824, 23.59320831298828)(4.846973180770874, 27.472999572753906)(10.019927024841309, 39.209415435791016)(13.427688121795654, 45.76560592651367)(18.37626004219055, 56.153629302978516)(98.51028800010681, 61.39561128616333)(165.97135615348816, 61.81014275550842)(306.2638931274414, 62.09267497062683)(455.0850591659546, 62.138044357299805)(462.20406198501587, 62.191935777664185)(469.28622007369995, 62.602267265319824)(483.4844090938568, 62.90241575241089)(538.0435140132904, 63.03126502037048)(587.6992390155792, 63.12965941429138)(590.6553401947021, 163.79789459705353)",
            "programs_evaluated": 184
        }
    ],
    "world": {
        "seed": 999999,
        "description": "Desert. No obstacles."
    }
}
