{
    "standard_deviation": 6.8388753818292765,
    "avg_time": 586.4878940820694,
    "experiment": {
        "number": 1,
        "description": "Partial solution: reward > best_reward.\nCycle length 6.\nSelect 5 programs with highest reward.\nUpdate based on last action; fit = min(best_reward / 100, 1); replace start symbol with [best_program; ACT].",
        "grammar": [
            "SEQ => [ACT]",
            "ACT => (TIMES, Dict(\"move\" => DIR, \"sprint\" => 1, \"jump\" => 1))",
            "DIR => 1",
            "DIR => 2",
            "DIR => 4",
            "DIR => 8",
            "DIR => 5",
            "DIR => 9",
            "DIR => 6",
            "DIR => 10",
            "TIMES => 5",
            "TIMES => 10",
            "TIMES => 25",
            "TIMES => 50",
            "TIMES => 75",
            "TIMES => 100"
        ]
    },
    "tries": [
        {
            "number": 1,
            "program": "Tuple{Int64, Dict{String, Integer}}[(100, Dict(\"sprint\" => 1, \"jump\" => 1, \"move\" => 0x01)), (100, Dict(\"sprint\" => 1, \"jump\" => 1, \"move\" => 0x09)), (100, Dict(\"sprint\" => 1, \"jump\" => 1, \"move\" => 0x08)), (50, Dict(\"sprint\" => 1, \"jump\" => 1, \"move\" => 0x02)), (5, Dict(\"sprint\" => 1, \"jump\" => 1, \"move\" => 0x02)), (25, Dict(\"sprint\" => 1, \"jump\" => 1, \"move\" => 0x04)), (10, Dict(\"sprint\" => 1, \"jump\" => 1, \"move\" => 0x09)), (10, Dict(\"sprint\" => 1, \"jump\" => 1, \"move\" => 0x08)), (5, Dict(\"sprint\" => 1, \"jump\" => 1, \"move\" => 0x01)), (5, Dict(\"sprint\" => 1, \"jump\" => 1, \"move\" => 0x04))]",
            "time": 570.743635892868,
            "best_reward_over_time": "(0.8550479412078857, 0.72052001953125)(1.194849967956543, 1.7621688842773438)(1.7315468788146973, 5.826240539550781)(2.4589428901672363, 12.413169860839844)(3.3406050205230713, 18.50699234008789)(4.4251708984375, 23.59320831298828)(6.54726505279541, 27.472999572753906)(12.488317966461182, 39.209415435791016)(16.25409197807312, 45.76560592651367)(21.830822944641113, 56.153629302978516)(101.06807494163513, 61.39561128616333)(164.52132892608643, 61.81014275550842)(295.511794090271, 62.09267497062683)(437.60753107070923, 62.138044357299805)(444.03964495658875, 62.191935777664185)(451.04249906539917, 62.602267265319824)(464.9254128932953, 62.90241575241089)(517.8881978988647, 63.03126502037048)(565.9729390144348, 63.12965941429138)(569.2207500934601, 163.79789459705353)",
            "programs_evaluated": 184
        },
        {
            "number": 2,
            "program": "Tuple{Int64, Dict{String, Integer}}[(100, Dict(\"sprint\" => 1, \"jump\" => 1, \"move\" => 0x01)), (100, Dict(\"sprint\" => 1, \"jump\" => 1, \"move\" => 0x09)), (100, Dict(\"sprint\" => 1, \"jump\" => 1, \"move\" => 0x08)), (50, Dict(\"sprint\" => 1, \"jump\" => 1, \"move\" => 0x02)), (5, Dict(\"sprint\" => 1, \"jump\" => 1, \"move\" => 0x02)), (25, Dict(\"sprint\" => 1, \"jump\" => 1, \"move\" => 0x04)), (10, Dict(\"sprint\" => 1, \"jump\" => 1, \"move\" => 0x09)), (10, Dict(\"sprint\" => 1, \"jump\" => 1, \"move\" => 0x08)), (5, Dict(\"sprint\" => 1, \"jump\" => 1, \"move\" => 0x01)), (5, Dict(\"sprint\" => 1, \"jump\" => 1, \"move\" => 0x04))]",
            "time": 596.370964050293,
            "best_reward_over_time": "(0.27039504051208496, 0.72052001953125)(0.4975700378417969, 1.7621688842773438)(0.9307019710540771, 5.826240539550781)(1.5393869876861572, 12.413169860839844)(2.332353115081787, 18.50699234008789)(3.2858359813690186, 23.59320831298828)(5.126399040222168, 27.472999572753906)(10.833637952804565, 39.209415435791016)(14.617387056350708, 45.76560592651367)(20.046924114227295, 56.153629302978516)(103.66498899459839, 61.39561128616333)(170.00741505622864, 61.81014275550842)(309.5200071334839, 62.09267497062683)(458.2779619693756, 62.138044357299805)(465.2799801826477, 62.191935777664185)(472.5990221500397, 62.602267265319824)(486.7502751350403, 62.90241575241089)(542.7386350631714, 63.03126502037048)(592.9526591300964, 63.12965941429138)(596.3708519935608, 163.79789459705353)",
            "programs_evaluated": 184
        },
        {
            "number": 3,
            "program": "Tuple{Int64, Dict{String, Integer}}[(100, Dict(\"sprint\" => 1, \"jump\" => 1, \"move\" => 0x01)), (100, Dict(\"sprint\" => 1, \"jump\" => 1, \"move\" => 0x09)), (100, Dict(\"sprint\" => 1, \"jump\" => 1, \"move\" => 0x08)), (50, Dict(\"sprint\" => 1, \"jump\" => 1, \"move\" => 0x02)), (5, Dict(\"sprint\" => 1, \"jump\" => 1, \"move\" => 0x02)), (25, Dict(\"sprint\" => 1, \"jump\" => 1, \"move\" => 0x04)), (10, Dict(\"sprint\" => 1, \"jump\" => 1, \"move\" => 0x09)), (10, Dict(\"sprint\" => 1, \"jump\" => 1, \"move\" => 0x08)), (5, Dict(\"sprint\" => 1, \"jump\" => 1, \"move\" => 0x01)), (5, Dict(\"sprint\" => 1, \"jump\" => 1, \"move\" => 0x04))]",
            "time": 589.6364858150482,
            "best_reward_over_time": "(0.24216413497924805, 0.72052001953125)(0.4291799068450928, 1.7621688842773438)(0.8105061054229736, 5.826240539550781)(1.4235680103302002, 12.413169860839844)(2.256904125213623, 18.50699234008789)(3.262869119644165, 23.59320831298828)(5.0639190673828125, 27.472999572753906)(10.60430097579956, 39.209415435791016)(13.966437101364136, 45.76560592651367)(18.673063039779663, 56.153629302978516)(100.78915500640869, 61.39561128616333)(168.40110802650452, 61.81014275550842)(306.7217960357666, 62.09267497062683)(454.3058269023895, 62.138044357299805)(461.045401096344, 62.191935777664185)(468.00963401794434, 62.602267265319824)(481.89579606056213, 62.90241575241089)(537.834410905838, 63.03126502037048)(586.316999912262, 63.12965941429138)(589.6363639831543, 163.79789459705353)",
            "programs_evaluated": 184
        },
        {
            "number": 4,
            "program": "Tuple{Int64, Dict{String, Integer}}[(100, Dict(\"sprint\" => 1, \"jump\" => 1, \"move\" => 0x01)), (100, Dict(\"sprint\" => 1, \"jump\" => 1, \"move\" => 0x09)), (100, Dict(\"sprint\" => 1, \"jump\" => 1, \"move\" => 0x08)), (50, Dict(\"sprint\" => 1, \"jump\" => 1, \"move\" => 0x02)), (5, Dict(\"sprint\" => 1, \"jump\" => 1, \"move\" => 0x02)), (25, Dict(\"sprint\" => 1, \"jump\" => 1, \"move\" => 0x04)), (10, Dict(\"sprint\" => 1, \"jump\" => 1, \"move\" => 0x09)), (10, Dict(\"sprint\" => 1, \"jump\" => 1, \"move\" => 0x08)), (5, Dict(\"sprint\" => 1, \"jump\" => 1, \"move\" => 0x01)), (5, Dict(\"sprint\" => 1, \"jump\" => 1, \"move\" => 0x04))]",
            "time": 588.6534850597382,
            "best_reward_over_time": "(0.22476792335510254, 0.72052001953125)(0.4297311305999756, 1.7621688842773438)(0.8344249725341797, 5.826240539550781)(1.4331049919128418, 12.413169860839844)(2.245595932006836, 18.50699234008789)(3.2562570571899414, 23.59320831298828)(5.078962087631226, 27.472999572753906)(10.465469121932983, 39.209415435791016)(14.146981000900269, 45.76560592651367)(19.35002303123474, 56.153629302978516)(101.21268010139465, 61.39561128616333)(167.74315214157104, 61.81014275550842)(305.3166630268097, 62.09267497062683)(453.16429805755615, 62.138044357299805)(460.0792090892792, 62.191935777664185)(466.75816106796265, 62.602267265319824)(479.7741451263428, 62.90241575241089)(535.3653490543365, 63.03126502037048)(585.3857700824738, 63.12965941429138)(588.6534099578857, 163.79789459705353)",
            "programs_evaluated": 184
        },
        {
            "number": 5,